,filename_mask,filename_jpg
13,rs02096.png,rs02096.jpg
20,rs07844.png,rs07844.jpg
45,rs06555.png,rs06555.jpg
60,rs05048.png,rs05048.jpg
66,rs01979.png,rs01979.jpg
67,rs04801.png,rs04801.jpg
84,rs00497.png,rs00497.jpg
88,rs05504.png,rs05504.jpg
107,rs01776.png,rs01776.jpg
119,rs01038.png,rs01038.jpg
123,rs06743.png,rs06743.jpg
135,rs06804.png,rs06804.jpg
173,rs01164.png,rs01164.jpg
185,rs03983.png,rs03983.jpg
196,rs03029.png,rs03029.jpg
216,rs04587.png,rs04587.jpg
218,rs05699.png,rs05699.jpg
221,rs00087.png,rs00087.jpg
249,rs05100.png,rs05100.jpg
251,rs00050.png,rs00050.jpg
278,rs00045.png,rs00045.jpg
305,rs00079.png,rs00079.jpg
311,rs08431.png,rs08431.jpg
338,rs02875.png,rs02875.jpg
345,rs03996.png,rs03996.jpg
361,rs06144.png,rs06144.jpg
383,rs03766.png,rs03766.jpg
387,rs01171.png,rs01171.jpg
389,rs00284.png,rs00284.jpg
393,rs06193.png,rs06193.jpg
397,rs01830.png,rs01830.jpg
406,rs06811.png,rs06811.jpg
434,rs02530.png,rs02530.jpg
435,rs04141.png,rs04141.jpg
447,rs07306.png,rs07306.jpg
450,rs08021.png,rs08021.jpg
473,rs06795.png,rs06795.jpg
507,rs03404.png,rs03404.jpg
510,rs07662.png,rs07662.jpg
513,rs07676.png,rs07676.jpg
514,rs00119.png,rs00119.jpg
515,rs03410.png,rs03410.jpg
555,rs05936.png,rs05936.jpg
564,rs07660.png,rs07660.jpg
572,rs01577.png,rs01577.jpg
590,rs07884.png,rs07884.jpg
599,rs02056.png,rs02056.jpg
614,rs00494.png,rs00494.jpg
619,rs06783.png,rs06783.jpg
621,rs06797.png,rs06797.jpg
636,rs07462.png,rs07462.jpg
665,rs02532.png,rs02532.jpg
670,rs06032.png,rs06032.jpg
672,rs04625.png,rs04625.jpg
698,rs05467.png,rs05467.jpg
707,rs01173.png,rs01173.jpg
709,rs03764.png,rs03764.jpg
737,rs04989.png,rs04989.jpg
758,rs01365.png,rs01365.jpg
770,rs08355.png,rs08355.jpg
773,rs05671.png,rs05671.jpg
782,rs04221.png,rs04221.jpg
785,rs01359.png,rs01359.jpg
789,rs00721.png,rs00721.jpg
820,rs02651.png,rs02651.jpg
821,rs02889.png,rs02889.jpg
822,rs04220.png,rs04220.jpg
825,rs04546.png,rs04546.jpg
850,rs08340.png,rs08340.jpg
879,rs03981.png,rs03981.jpg
880,rs02447.png,rs02447.jpg
887,rs01628.png,rs01628.jpg
891,rs04744.png,rs04744.jpg
914,rs06609.png,rs06609.jpg
923,rs01833.png,rs01833.jpg
925,rs04787.png,rs04787.jpg
935,rs08195.png,rs08195.jpg
939,rs00324.png,rs00324.jpg
940,rs06755.png,rs06755.jpg
965,rs07477.png,rs07477.jpg
991,rs03188.png,rs03188.jpg
995,rs06782.png,rs06782.jpg
1005,rs02057.png,rs02057.jpg
1007,rs04426.png,rs04426.jpg
1027,rs03375.png,rs03375.jpg
1030,rs01562.png,rs01562.jpg
1055,rs04397.png,rs04397.jpg
1061,rs02080.png,rs02080.jpg
1063,rs02916.png,rs02916.jpg
1074,rs07856.png,rs07856.jpg
1077,rs01599.png,rs01599.jpg
1082,rs02912.png,rs02912.jpg
1095,rs01228.png,rs01228.jpg
1101,rs02735.png,rs02735.jpg
1105,rs06235.png,rs06235.jpg
1122,rs01200.png,rs01200.jpg
1162,rs02251.png,rs02251.jpg
1170,rs00320.png,rs00320.jpg
1184,rs05502.png,rs05502.jpg
1191,rs03615.png,rs03615.jpg
1193,rs03952.png,rs03952.jpg
1194,rs02494.png,rs02494.jpg
1202,rs06180.png,rs06180.jpg
1209,rs08185.png,rs08185.jpg
1239,rs01162.png,rs01162.jpg
1267,rs00095.png,rs00095.jpg
1281,rs02133.png,rs02133.jpg
1282,rs05884.png,rs05884.jpg
1287,rs00042.png,rs00042.jpg
1304,rs07077.png,rs07077.jpg
1323,rs01412.png,rs01412.jpg
1342,rs05661.png,rs05661.jpg
1368,rs00725.png,rs00725.jpg
1371,rs06432.png,rs06432.jpg
1384,rs05852.png,rs05852.jpg
1399,rs03006.png,rs03006.jpg
1404,rs01177.png,rs01177.jpg
1413,rs07274.png,rs07274.jpg
1439,rs04972.png,rs04972.jpg
1452,rs01188.png,rs01188.jpg
1478,rs01771.png,rs01771.jpg
1482,rs02250.png,rs02250.jpg
1483,rs06036.png,rs06036.jpg
1487,rs07328.png,rs07328.jpg
1492,rs02536.png,rs02536.jpg
1495,rs02522.png,rs02522.jpg
1510,rs02293.png,rs02293.jpg
1529,rs03370.png,rs03370.jpg
1538,rs05715.png,rs05715.jpg
1544,rs04345.png,rs04345.jpg
1557,rs04437.png,rs04437.jpg
1560,rs00889.png,rs00889.jpg
1564,rs00137.png,rs00137.jpg
1569,rs00862.png,rs00862.jpg
1602,rs05918.png,rs05918.jpg
1608,rs04421.png,rs04421.jpg
1623,rs00135.png,rs00135.jpg
1630,rs01565.png,rs01565.jpg
1641,rs01217.png,rs01217.jpg
1653,rs06791.png,rs06791.jpg
1672,rs06961.png,rs06961.jpg
1685,rs02246.png,rs02246.jpg
1712,rs01773.png,rs01773.jpg
1716,rs05273.png,rs05273.jpg
1720,rs03945.png,rs03945.jpg
1729,rs04780.png,rs04780.jpg
1743,rs03986.png,rs03986.jpg
1753,rs03038.png,rs03038.jpg
1809,rs00900.png,rs00900.jpg
1813,rs05893.png,rs05893.jpg
1818,rs00055.png,rs00055.jpg
1826,rs06430.png,rs06430.jpg
1829,rs00727.png,rs00727.jpg
1852,rs03574.png,rs03574.jpg
1864,rs01404.png,rs01404.jpg
1872,rs05676.png,rs05676.jpg
1890,rs05886.png,rs05886.jpg
1891,rs02131.png,rs02131.jpg
1897,rs00732.png,rs00732.jpg
1914,rs02694.png,rs02694.jpg
1923,rs00929.png,rs00929.jpg
1926,rs07920.png,rs07920.jpg
1942,rs05306.png,rs05306.jpg
1957,rs04024.png,rs04024.jpg
1963,rs01148.png,rs01148.jpg
1971,rs03039.png,rs03039.jpg
1979,rs03978.png,rs03978.jpg
1981,rs08193.png,rs08193.jpg
1989,rs00281.png,rs00281.jpg
1993,rs02482.png,rs02482.jpg
2003,rs07303.png,rs07303.jpg
2039,rs02253.png,rs02253.jpg
2040,rs06035.png,rs06035.jpg
2080,rs03373.png,rs03373.jpg
2089,rs07883.png,rs07883.jpg
2090,rs00134.png,rs00134.jpg
2110,rs02904.png,rs02904.jpg
2119,rs06586.png,rs06586.jpg
2125,rs02086.png,rs02086.jpg
2136,rs08296.png,rs08296.jpg
2143,rs02793.png,rs02793.jpg
2148,rs07199.png,rs07199.jpg
2162,rs05017.png,rs05017.jpg
2181,rs02750.png,rs02750.jpg
2183,rs02988.png,rs02988.jpg
2184,rs00147.png,rs00147.jpg
2218,rs03670.png,rs03670.jpg
2221,rs06708.png,rs06708.jpg
2231,rs05573.png,rs05573.jpg
2241,rs00345.png,rs00345.jpg
2249,rs00437.png,rs00437.jpg
2265,rs04902.png,rs04902.jpg
2276,rs00580.png,rs00580.jpg
2323,rs04043.png,rs04043.jpg
2325,rs06654.png,rs06654.jpg
2328,rs08490.png,rs08490.jpg
2334,rs01488.png,rs01488.jpg
2341,rs07953.png,rs07953.jpg
2342,rs06495.png,rs06495.jpg
2344,rs05822.png,rs05822.jpg
2345,rs02195.png,rs02195.jpg
2349,rs07006.png,rs07006.jpg
2358,rs05177.png,rs05177.jpg
2362,rs01305.png,rs01305.jpg
2372,rs06324.png,rs06324.jpg
2373,rs02142.png,rs02142.jpg
2396,rs00026.png,rs00026.jpg
2407,rs02157.png,rs02157.jpg
2408,rs04532.png,rs04532.jpg
2412,rs00754.png,rs00754.jpg
2426,rs08320.png,rs08320.jpg
2429,rs06319.png,rs06319.jpg
2430,rs08334.png,rs08334.jpg
2431,rs07007.png,rs07007.jpg
2457,rs08485.png,rs08485.jpg
2464,rs00542.png,rs00542.jpg
2465,rs01884.png,rs01884.jpg
2476,rs00230.png,rs00230.jpg
2486,rs08122.png,rs08122.jpg
2487,rs01660.png,rs01660.jpg
2488,rs02369.png,rs02369.jpg
2498,rs01112.png,rs01112.jpg
2500,rs03705.png,rs03705.jpg
2501,rs05374.png,rs05374.jpg
2504,rs07205.png,rs07205.jpg
2516,rs03922.png,rs03922.jpg
2533,rs06721.png,rs06721.jpg
2559,rs06709.png,rs06709.jpg
2564,rs04678.png,rs04678.jpg
2568,rs07371.png,rs07371.jpg
2576,rs01099.png,rs01099.jpg
2585,rs08095.png,rs08095.jpg
2602,rs04446.png,rs04446.jpg
2603,rs03329.png,rs03329.jpg
2632,rs03473.png,rs03473.jpg
2671,rs01299.png,rs01299.jpg
2672,rs00187.png,rs00187.jpg
2675,rs05799.png,rs05799.jpg
2687,rs07603.png,rs07603.jpg
2689,rs00178.png,rs00178.jpg
2690,rs07617.png,rs07617.jpg
2712,rs05028.png,rs05028.jpg
2733,rs06938.png,rs06938.jpg
2734,rs03840.png,rs03840.jpg
2735,rs02586.png,rs02586.jpg
2736,rs03698.png,rs03698.jpg
2762,rs08040.png,rs08040.jpg
2773,rs06723.png,rs06723.jpg
2785,rs06051.png,rs06051.jpg
2812,rs03920.png,rs03920.jpg
2830,rs05410.png,rs05410.jpg
2838,rs04040.png,rs04040.jpg
2864,rs08493.png,rs08493.jpg
2866,rs00971.png,rs00971.jpg
2873,rs02828.png,rs02828.jpg
2884,rs08322.png,rs08322.jpg
2902,rs05174.png,rs05174.jpg
2906,rs07005.png,rs07005.jpg
2931,rs00031.png,rs00031.jpg
2958,rs01313.png,rs01313.jpg
3003,rs08109.png,rs08109.jpg
3005,rs06124.png,rs06124.jpg
3017,rs02430.png,rs02430.jpg
3059,rs06695.png,rs06695.jpg
3062,rs02395.png,rs02395.jpg
3065,rs06871.png,rs06871.jpg
3075,rs02550.png,rs02550.jpg
3076,rs03896.png,rs03896.jpg
3083,rs06722.png,rs06722.jpg
3090,rs08069.png,rs08069.jpg
3106,rs01071.png,rs01071.jpg
3113,rs05571.png,rs05571.jpg
3119,rs03855.png,rs03855.jpg
3120,rs03699.png,rs03699.jpg
3148,rs07158.png,rs07158.jpg
3152,rs04451.png,rs04451.jpg
3204,rs02961.png,rs02961.jpg
3215,rs05950.png,rs05950.jpg
3223,rs08290.png,rs08290.jpg
3224,rs00814.png,rs00814.jpg
3247,rs02756.png,rs02756.jpg
3257,rs06518.png,rs06518.jpg
3262,rs03306.png,rs03306.jpg
3275,rs06083.png,rs06083.jpg
3317,rs04643.png,rs04643.jpg
3325,rs01713.png,rs01713.jpg
3354,rs03925.png,rs03925.jpg
3372,rs04045.png,rs04045.jpg
3383,rs02346.png,rs02346.jpg
3388,rs03070.png,rs03070.jpg
3398,rs02408.png,rs02408.jpg
3435,rs07996.png,rs07996.jpg
3446,rs06336.png,rs06336.jpg
3459,rs01303.png,rs01303.jpg
3465,rs05603.png,rs05603.jpg
3483,rs08332.png,rs08332.jpg
3488,rs05170.png,rs05170.jpg
3490,rs07767.png,rs07767.jpg
3493,rs01316.png,rs01316.jpg
3499,rs03515.png,rs03515.jpg
3512,rs06445.png,rs06445.jpg
3514,rs04252.png,rs04252.jpg
3551,rs00785.png,rs00785.jpg
3555,rs05372.png,rs05372.jpg
3566,rs05400.png,rs05400.jpg
3590,rs01882.png,rs01882.jpg
3598,rs06860.png,rs06860.jpg
3615,rs05399.png,rs05399.jpg
3627,rs06069.png,rs06069.jpg
3637,rs05212.png,rs05212.jpg
3687,rs00395.png,rs00395.jpg
3691,rs05762.png,rs05762.jpg
3696,rs07613.png,rs07613.jpg
3700,rs07607.png,rs07607.jpg
3703,rs05776.png,rs05776.jpg
3709,rs01510.png,rs01510.jpg
3735,rs07808.png,rs07808.jpg
3737,rs02964.png,rs02964.jpg
3743,rs02794.png,rs02794.jpg
3746,rs00197.png,rs00197.jpg
3747,rs01289.png,rs01289.jpg
3751,rs05951.png,rs05951.jpg
3771,rs08287.png,rs08287.jpg
3821,rs01274.png,rs01274.jpg
3869,rs03113.png,rs03113.jpg
3870,rs03675.png,rs03675.jpg
3883,rs04668.png,rs04668.jpg
3885,rs07361.png,rs07361.jpg
3890,rs03098.png,rs03098.jpg
3906,rs02345.png,rs02345.jpg
3917,rs04046.png,rs04046.jpg
3939,rs01116.png,rs01116.jpg
3947,rs01664.png,rs01664.jpg
3954,rs02184.png,rs02184.jpg
3955,rs00793.png,rs00793.jpg
3957,rs00787.png,rs00787.jpg
3982,rs03259.png,rs03259.jpg
4002,rs08330.png,rs08330.jpg
4021,rs01467.png,rs01467.jpg
4046,rs02152.png,rs02152.jpg
4081,rs07943.png,rs07943.jpg
4084,rs02185.png,rs02185.jpg
4105,rs07566.png,rs07566.jpg
4161,rs05577.png,rs05577.jpg
4177,rs02224.png,rs02224.jpg
4198,rs04866.png,rs04866.jpg
4219,rs01275.png,rs01275.jpg
4229,rs08245.png,rs08245.jpg
4231,rs00619.png,rs00619.jpg
4237,rs06240.png,rs06240.jpg
4239,rs02026.png,rs02026.jpg
4254,rs02032.png,rs02032.jpg
4256,rs04443.png,rs04443.jpg
4257,rs08279.png,rs08279.jpg
4276,rs06297.png,rs06297.jpg
4291,rs07184.png,rs07184.jpg
4296,rs07806.png,rs07806.jpg
4319,rs06259.png,rs06259.jpg
4322,rs00628.png,rs00628.jpg
4328,rs00600.png,rs00600.jpg
4332,rs01278.png,rs01278.jpg
4337,rs00172.png,rs00172.jpg
4396,rs02201.png,rs02201.jpg
4397,rs04670.png,rs04670.jpg
4427,rs07543.png,rs07543.jpg
4430,rs03725.png,rs03725.jpg
4452,rs05368.png,rs05368.jpg
4460,rs00576.png,rs00576.jpg
4464,rs02375.png,rs02375.jpg
4482,rs01481.png,rs01481.jpg
4491,rs07027.png,rs07027.jpg
4509,rs03533.png,rs03533.jpg
4512,rs03255.png,rs03255.jpg
4525,rs02605.png,rs02605.jpg
4541,rs01319.png,rs01319.jpg
4558,rs06462.png,rs06462.jpg
4567,rs07032.png,rs07032.jpg
4585,rs03526.png,rs03526.jpg
4588,rs05802.png,rs05802.jpg
4612,rs00205.png,rs00205.jpg
4626,rs05427.png,rs05427.jpg
4632,rs01641.png,rs01641.jpg
4638,rs03730.png,rs03730.jpg
4644,rs06884.png,rs06884.jpg
4649,rs03042.png,rs03042.jpg
4651,rs03917.png,rs03917.jpg
4653,rs01872.png,rs01872.jpg
4658,rs07595.png,rs07595.jpg
4679,rs06700.png,rs06700.jpg
4688,rs03122.png,rs03122.jpg
4726,rs01084.png,rs01084.jpg
4732,rs06502.png,rs06502.jpg
4745,rs04467.png,rs04467.jpg
4748,rs02770.png,rs02770.jpg
4754,rs04329.png,rs04329.jpg
4764,rs01537.png,rs01537.jpg
4767,rs03320.png,rs03320.jpg
4776,rs02994.png,rs02994.jpg
4794,rs00198.png,rs00198.jpg
4799,rs05790.png,rs05790.jpg
4806,rs01284.png,rs01284.jpg
4826,rs05035.png,rs05035.jpg
4836,rs01521.png,rs01521.jpg
4838,rs07150.png,rs07150.jpg
4848,rs02000.png,rs02000.jpg
4854,rs06500.png,rs06500.jpg
4856,rs06514.png,rs06514.jpg
4872,rs04840.png,rs04840.jpg
4885,rs03646.png,rs03646.jpg
4917,rs06064.png,rs06064.jpg
4935,rs02389.png,rs02389.jpg
4936,rs04920.png,rs04920.jpg
4941,rs04934.png,rs04934.jpg
4950,rs06879.png,rs06879.jpg
4958,rs07232.png,rs07232.jpg
4966,rs07226.png,rs07226.jpg
4968,rs00549.png,rs00549.jpg
4988,rs06104.png,rs06104.jpg
5005,rs05196.png,rs05196.jpg
5006,rs04288.png,rs04288.jpg
5008,rs05828.png,rs05828.jpg
5013,rs05800.png,rs05800.jpg
5018,rs05814.png,rs05814.jpg
5019,rs02148.png,rs02148.jpg
5031,rs00039.png,rs00039.jpg
5035,rs05155.png,rs05155.jpg
5037,rs08471.png,rs08471.jpg
5058,rs05169.png,rs05169.jpg
5074,rs07019.png,rs07019.jpg
5075,rs00776.png,rs00776.jpg
5121,rs05197.png,rs05197.jpg
5123,rs07780.png,rs07780.jpg
5142,rs04074.png,rs04074.jpg
5143,rs02405.png,rs02405.jpg
5148,rs07569.png,rs07569.jpg
5149,rs00206.png,rs00206.jpg
5150,rs00560.png,rs00560.jpg
5155,rs03069.png,rs03069.jpg
5164,rs04048.png,rs04048.jpg
5165,rs05356.png,rs05356.jpg
5169,rs06887.png,rs06887.jpg
5171,rs07555.png,rs07555.jpg
5178,rs07233.png,rs07233.jpg
5180,rs01871.png,rs01871.jpg
5208,rs00366.png,rs00366.jpg
5209,rs07409.png,rs07409.jpg
5251,rs04869.png,rs04869.jpg
5260,rs06930.png,rs06930.jpg
5277,rs02001.png,rs02001.jpg
5281,rs06267.png,rs06267.jpg
5288,rs02767.png,rs02767.jpg
5323,rs00825.png,rs00825.jpg
5333,rs02798.png,rs02798.jpg
5342,rs07814.png,rs07814.jpg
5371,rs00606.png,rs00606.jpg
5382,rs06539.png,rs06539.jpg
5392,rs07141.png,rs07141.jpg
5427,rs03119.png,rs03119.jpg
5429,rs00410.png,rs00410.jpg
5435,rs04110.png,rs04110.jpg
5447,rs08070.png,rs08070.jpg
5450,rs04892.png,rs04892.jpg
5464,rs03131.png,rs03131.jpg
5481,rs05385.png,rs05385.jpg
5489,rs02398.png,rs02398.jpg
5497,rs00202.png,rs00202.jpg
5511,rs02367.png,rs02367.jpg
5512,rs05408.png,rs05408.jpg
5518,rs03051.png,rs03051.jpg
5542,rs07960.png,rs07960.jpg
5590,rs00982.png,rs00982.jpg
5601,rs06459.png,rs06459.jpg
5607,rs03246.png,rs03246.jpg
5640,rs06464.png,rs06464.jpg
5641,rs00001.png,rs00001.jpg
5649,rs06316.png,rs06316.jpg
5650,rs01479.png,rs01479.jpg
5659,rs07949.png,rs07949.jpg
5689,rs00559.png,rs00559.jpg
5705,rs05409.png,rs05409.jpg
5706,rs02366.png,rs02366.jpg
5710,rs06100.png,rs06100.jpg
5713,rs06114.png,rs06114.jpg
5717,rs02414.png,rs02414.jpg
5735,rs07593.png,rs07593.jpg
5736,rs03905.png,rs03905.jpg
5740,rs06869.png,rs06869.jpg
5744,rs03656.png,rs03656.jpg
5745,rs04139.png,rs04139.jpg
5749,rs01727.png,rs01727.jpg
5757,rs04893.png,rs04893.jpg
5766,rs00363.png,rs00363.jpg
5771,rs02212.png,rs02212.jpg
5787,rs01082.png,rs01082.jpg
5789,rs03695.png,rs03695.jpg
5796,rs05596.png,rs05596.jpg
5800,rs01096.png,rs01096.jpg
5808,rs03865.png,rs03865.jpg
5811,rs07154.png,rs07154.jpg
5813,rs01525.png,rs01525.jpg
5827,rs08273.png,rs08273.jpg
5849,rs02004.png,rs02004.jpg
5854,rs00820.png,rs00820.jpg
5883,rs05782.png,rs05782.jpg
5889,rs04488.png,rs04488.jpg
5891,rs02947.png,rs02947.jpg
5892,rs01296.png,rs01296.jpg
5897,rs04305.png,rs04305.jpg
5902,rs08259.png,rs08259.jpg
5924,rs00639.png,rs00639.jpg
5930,rs03324.png,rs03324.jpg
5951,rs06937.png,rs06937.jpg
5955,rs03683.png,rs03683.jpg
5965,rs04107.png,rs04107.jpg
5967,rs02576.png,rs02576.jpg
6024,rs04715.png,rs04715.jpg
6025,rs02364.png,rs02364.jpg
6033,rs02416.png,rs02416.jpg
6035,rs04067.png,rs04067.jpg
6044,rs02358.png,rs02358.jpg
6046,rs01651.png,rs01651.jpg
6087,rs01309.png,rs01309.jpg
6128,rs07750.png,rs07750.jpg
6135,rs06329.png,rs06329.jpg
6146,rs08462.png,rs08462.jpg
6149,rs07989.png,rs07989.jpg
6159,rs08310.png,rs08310.jpg
6162,rs02173.png,rs02173.jpg
6186,rs02832.png,rs02832.jpg
6220,rs05350.png,rs05350.jpg
6245,rs02403.png,rs02403.jpg
6247,rs04099.png,rs04099.jpg
6254,rs03084.png,rs03084.jpg
6274,rs04890.png,rs04890.jpg
6284,rs05542.png,rs05542.jpg
6346,rs05998.png,rs05998.jpg
6349,rs07157.png,rs07157.jpg
6359,rs06507.png,rs06507.jpg
6370,rs00604.png,rs00604.jpg
6371,rs06275.png,rs06275.jpg
6388,rs05973.png,rs05973.jpg
6394,rs07695.png,rs07695.jpg
6396,rs00844.png,rs00844.jpg
6405,rs04388.png,rs04388.jpg
6440,rs00105.png,rs00105.jpg
6445,rs02074.png,rs02074.jpg
6484,rs03154.png,rs03154.jpg
6486,rs05243.png,rs05243.jpg
6496,rs02538.png,rs02538.jpg
6510,rs01019.png,rs01019.jpg
6519,rs00313.png,rs00313.jpg
6523,rs02262.png,rs02262.jpg
6524,rs04613.png,rs04613.jpg
6549,rs07246.png,rs07246.jpg
6556,rs05337.png,rs05337.jpg
6557,rs04029.png,rs04029.jpg
6562,rs01145.png,rs01145.jpg
6607,rs02855.png,rs02855.jpg
6614,rs07911.png,rs07911.jpg
6620,rs05135.png,rs05135.jpg
6626,rs08363.png,rs08363.jpg
6628,rs01421.png,rs01421.jpg
6631,rs04559.png,rs04559.jpg
6632,rs03236.png,rs03236.jpg
6633,rs03550.png,rs03550.jpg
6637,rs06428.png,rs06428.jpg
6639,rs07736.png,rs07736.jpg
6644,rs02666.png,rs02666.jpg
6649,rs06366.png,rs06366.jpg
6708,rs05652.png,rs05652.jpg
6712,rs02868.png,rs02868.jpg
6780,rs01811.png,rs01811.jpg
6797,rs06824.png,rs06824.jpg
6802,rs04174.png,rs04174.jpg
6804,rs02263.png,rs02263.jpg
6806,rs08028.png,rs08028.jpg
6813,rs02277.png,rs02277.jpg
6815,rs04160.png,rs04160.jpg
6841,rs01024.png,rs01024.jpg
6847,rs04809.png,rs04809.jpg
6871,rs04410.png,rs04410.jpg
6880,rs04362.png,rs04362.jpg
6883,rs04404.png,rs04404.jpg
6904,rs00886.png,rs00886.jpg
6910,rs05915.png,rs05915.jpg
6924,rs07680.png,rs07680.jpg
6931,rs01583.png,rs01583.jpg
6932,rs07682.png,rs07682.jpg
6938,rs01581.png,rs01581.jpg
6939,rs00847.png,rs00847.jpg
6951,rs05056.png,rs05056.jpg
6969,rs07133.png,rs07133.jpg
6973,rs05042.png,rs05042.jpg
6977,rs02705.png,rs02705.jpg
6984,rs06211.png,rs06211.jpg
6992,rs00106.png,rs00106.jpg
6993,rs07669.png,rs07669.jpg
7020,rs07443.png,rs07443.jpg
7053,rs04162.png,rs04162.jpg
7057,rs00462.png,rs00462.jpg
7067,rs03786.png,rs03786.jpg
7088,rs06629.png,rs06629.jpg
7119,rs01608.png,rs01608.jpg
7143,rs05122.png,rs05122.jpg
7154,rs05888.png,rs05888.jpg
7168,rs01378.png,rs01378.jpg
7180,rs00714.png,rs00714.jpg
7196,rs02664.png,rs02664.jpg
7217,rs05651.png,rs05651.jpg
7237,rs05876.png,rs05876.jpg
7246,rs03585.png,rs03585.jpg
7266,rs04771.png,rs04771.jpg
7290,rs05447.png,rs05447.jpg
7344,rs05241.png,rs05241.jpg
7345,rs03630.png,rs03630.jpg
7364,rs03817.png,rs03817.jpg
7374,rs04836.png,rs04836.jpg
7379,rs07481.png,rs07481.jpg
7387,rs06210.png,rs06210.jpg
7411,rs01225.png,rs01225.jpg
7422,rs00649.png,rs00649.jpg
7428,rs05902.png,rs05902.jpg
7437,rs06589.png,rs06589.jpg
7438,rs05080.png,rs05080.jpg
7454,rs06599.png,rs06599.jpg
7461,rs00842.png,rs00842.jpg
7477,rs04365.png,rs04365.jpg
7496,rs07888.png,rs07888.jpg
7500,rs03436.png,rs03436.jpg
7508,rs07136.png,rs07136.jpg
7514,rs05292.png,rs05292.jpg
7548,rs06758.png,rs06758.jpg
7560,rs08013.png,rs08013.jpg
7562,rs01751.png,rs01751.jpg
7563,rs08007.png,rs08007.jpg
7568,rs03634.png,rs03634.jpg
7569,rs05245.png,rs05245.jpg
7570,rs01023.png,rs01023.jpg
7573,rs03973.png,rs03973.jpg
7602,rs04761.png,rs04761.jpg
7609,rs06604.png,rs06604.jpg
7612,rs07532.png,rs07532.jpg
7623,rs08173.png,rs08173.jpg
7669,rs07718.png,rs07718.jpg
7682,rs03230.png,rs03230.jpg
7696,rs03542.png,rs03542.jpg
7711,rs07043.png,rs07043.jpg
7755,rs05697.png,rs05697.jpg
7789,rs08166.png,rs08166.jpg
7797,rs04774.png,rs04774.jpg
7812,rs01618.png,rs01618.jpg
7814,rs07282.png,rs07282.jpg
7842,rs03635.png,rs03635.jpg
7848,rs01036.png,rs01036.jpg
7851,rs07321.png,rs07321.jpg
7852,rs01988.png,rs01988.jpg
7865,rs02517.png,rs02517.jpg
7868,rs00300.png,rs00300.jpg
7885,rs06956.png,rs06956.jpg
7902,rs07651.png,rs07651.jpg
7903,rs08204.png,rs08204.jpg
7905,rs00658.png,rs00658.jpg
7912,rs03345.png,rs03345.jpg
7919,rs03423.png,rs03423.jpg
7929,rs06215.png,rs06215.jpg
7948,rs01591.png,rs01591.jpg
7973,rs05087.png,rs05087.jpg
7977,rs02924.png,rs02924.jpg
7996,rs02703.png,rs02703.jpg
8017,rs06559.png,rs06559.jpg
8020,rs08212.png,rs08212.jpg
8022,rs04428.png,rs04428.jpg
8023,rs03347.png,rs03347.jpg
8042,rs04831.png,rs04831.jpg
8057,rs00470.png,rs00470.jpg
8058,rs06001.png,rs06001.jpg
8062,rs04616.png,rs04616.jpg
8081,rs05520.png,rs05520.jpg
8082,rs03151.png,rs03151.jpg
8083,rs05534.png,rs05534.jpg
8085,rs07323.png,rs07323.jpg
8090,rs07445.png,rs07445.jpg
8110,rs04945.png,rs04945.jpg
8133,rs04004.png,rs04004.jpg
8147,rs04986.png,rs04986.jpg
8163,rs02878.png,rs02878.jpg
8165,rs08399.png,rs08399.jpg
8185,rs02105.png,rs02105.jpg
8194,rs04206.png,rs04206.jpg
8196,rs02677.png,rs02677.jpg
8214,rs08414.png,rs08414.jpg
8223,rs08400.png,rs08400.jpg
8224,rs07733.png,rs07733.jpg
8226,rs07055.png,rs07055.jpg
8240,rs08367.png,rs08367.jpg
8242,rs07040.png,rs07040.jpg
8248,rs05131.png,rs05131.jpg
8267,rs02110.png,rs02110.jpg
8282,rs07097.png,rs07097.jpg
8283,rs06389.png,rs06389.jpg
8296,rs00908.png,rs00908.jpg
8297,rs05870.png,rs05870.jpg
8312,rs01141.png,rs01141.jpg
8320,rs03024.png,rs03024.jpg
8358,rs04788.png,rs04788.jpg
8364,rs06809.png,rs06809.jpg
8372,rs05253.png,rs05253.jpg
8375,rs06982.png,rs06982.jpg
8404,rs04165.png,rs04165.jpg
8410,rs04603.png,rs04603.jpg
8411,rs02272.png,rs02272.jpg
8413,rs02299.png,rs02299.jpg
8425,rs01784.png,rs01784.jpg
8428,rs01974.png,rs01974.jpg
8436,rs00129.png,rs00129.jpg
8441,rs02058.png,rs02058.jpg
8454,rs03434.png,rs03434.jpg
8460,rs06564.png,rs06564.jpg
8464,rs02064.png,rs02064.jpg
8467,rs04401.png,rs04401.jpg
8470,rs01579.png,rs01579.jpg
8473,rs00101.png,rs00101.jpg
8492,rs02931.png,rs02931.jpg
8498,rs05904.png,rs05904.jpg
17,rs05935.png,rs05935.jpg
24,rs00118.png,rs00118.jpg
27,rs01206.png,rs01206.jpg
75,rs06794.png,rs06794.jpg
91,rs08020.png,rs08020.jpg
106,rs06019.png,rs06019.jpg
111,rs01986.png,rs01986.jpg
120,rs06757.png,rs06757.jpg
137,rs03968.png,rs03968.jpg
167,rs05316.png,rs05316.jpg
191,rs06637.png,rs06637.jpg
192,rs01158.png,rs01158.jpg
193,rs02451.png,rs02451.jpg
197,rs04746.png,rs04746.jpg
205,rs00911.png,rs00911.jpg
229,rs08430.png,rs08430.jpg
266,rs04544.png,rs04544.jpg
268,rs04222.png,rs04222.jpg
274,rs04545.png,rs04545.jpg
329,rs00086.png,rs00086.jpg
331,rs00092.png,rs00092.jpg
349,rs07528.png,rs07528.jpg
353,rs02336.png,rs02336.jpg
355,rs04747.png,rs04747.jpg
420,rs00455.png,rs00455.jpg
441,rs03606.png,rs03606.jpg
462,rs05288.png,rs05288.jpg
465,rs01950.png,rs01950.jpg
477,rs01978.png,rs01978.jpg
491,rs05049.png,rs05049.jpg
500,rs02054.png,rs02054.jpg
547,rs00872.png,rs00872.jpg
586,rs02724.png,rs02724.jpg
587,rs04355.png,rs04355.jpg
591,rs06224.png,rs06224.jpg
604,rs07648.png,rs07648.jpg
627,rs01946.png,rs01946.jpg
675,rs06813.png,rs06813.jpg
681,rs05498.png,rs05498.jpg
684,rs03957.png,rs03957.jpg
703,rs07516.png,rs07516.jpg
727,rs04037.png,rs04037.jpg
762,rs05103.png,rs05103.jpg
763,rs05665.png,rs05665.jpg
769,rs07066.png,rs07066.jpg
776,rs04209.png,rs04209.jpg
797,rs04553.png,rs04553.jpg
841,rs05116.png,rs05116.jpg
866,rs05843.png,rs05843.jpg
890,rs02335.png,rs02335.jpg
893,rs03995.png,rs03995.jpg
907,rs05466.png,rs05466.jpg
931,rs03956.png,rs03956.jpg
950,rs01990.png,rs01990.jpg
955,rs02527.png,rs02527.jpg
959,rs00330.png,rs00330.jpg
961,rs06741.png,rs06741.jpg
988,rs01947.png,rs01947.jpg
1016,rs07885.png,rs07885.jpg
1017,rs06543.png,rs06543.jpg
1026,rs05704.png,rs05704.jpg
1033,rs03413.png,rs03413.jpg
1051,rs07852.png,rs07852.jpg
1072,rs04387.png,rs04387.jpg
1079,rs05927.png,rs05927.jpg
1081,rs02906.png,rs02906.jpg
1087,rs04436.png,rs04436.jpg
1094,rs00136.png,rs00136.jpg
1167,rs05258.png,rs05258.jpg
1168,rs06751.png,rs06751.jpg
1196,rs01823.png,rs01823.jpg
1199,rs05489.png,rs05489.jpg
1217,rs02457.png,rs02457.jpg
1218,rs03749.png,rs03749.jpg
1229,rs04754.png,rs04754.jpg
1298,rs03239.png,rs03239.jpg
1327,rs07704.png,rs07704.jpg
1374,rs02867.png,rs02867.jpg
1380,rs07923.png,rs07923.jpg
1385,rs06383.png,rs06383.jpg
1395,rs08153.png,rs08153.jpg
1409,rs03774.png,rs03774.jpg
1428,rs05339.png,rs05339.jpg
1430,rs06630.png,rs06630.jpg
1435,rs06156.png,rs06156.jpg
1440,rs08190.png,rs08190.jpg
1451,rs00296.png,rs00296.jpg
1464,rs05265.png,rs05265.jpg
1465,rs03614.png,rs03614.jpg
1474,rs04609.png,rs04609.jpg
1476,rs02278.png,rs02278.jpg
1480,rs08033.png,rs08033.jpg
1488,rs00321.png,rs00321.jpg
1523,rs07670.png,rs07670.jpg
1536,rs07102.png,rs07102.jpg
1552,rs02052.png,rs02052.jpg
1585,rs07843.png,rs07843.jpg
1618,rs02736.png,rs02736.jpg
1663,rs00492.png,rs00492.jpg
1669,rs04804.png,rs04804.jpg
1694,rs07458.png,rs07458.jpg
1696,rs02520.png,rs02520.jpg
1697,rs01001.png,rs01001.jpg
1705,rs07316.png,rs07316.jpg
1724,rs06183.png,rs06183.jpg
1744,rs02440.png,rs02440.jpg
1775,rs06168.png,rs06168.jpg
1776,rs01607.png,rs01607.jpg
1795,rs00096.png,rs00096.jpg
1797,rs01388.png,rs01388.jpg
1827,rs00041.png,rs00041.jpg
1845,rs01377.png,rs01377.jpg
1854,rs05663.png,rs05663.jpg
1874,rs07061.png,rs07061.jpg
1948,rs07263.png,rs07263.jpg
1951,rs03005.png,rs03005.jpg
1970,rs02327.png,rs02327.jpg
1990,rs02496.png,rs02496.jpg
1999,rs03165.png,rs03165.jpg
2002,rs08030.png,rs08030.jpg
2030,rs07459.png,rs07459.jpg
2031,rs00336.png,rs00336.jpg
2041,rs00444.png,rs00444.jpg
2053,rs06784.png,rs06784.jpg
2087,rs05064.png,rs05064.jpg
2114,rs02910.png,rs02910.jpg
2116,rs04391.png,rs04391.jpg
2179,rs05759.png,rs05759.jpg
2185,rs07628.png,rs07628.jpg
2235,rs01715.png,rs01715.jpg
2244,rs02552.png,rs02552.jpg
2263,rs06867.png,rs06867.jpg
2264,rs04916.png,rs04916.jpg
2271,rs00594.png,rs00594.jpg
2292,rs05407.png,rs05407.jpg
2302,rs03710.png,rs03710.jpg
2380,rs01339.png,rs01339.jpg
2419,rs07775.png,rs07775.jpg
2448,rs00797.png,rs00797.jpg
2461,rs02802.png,rs02802.jpg
2469,rs04042.png,rs04042.jpg
2474,rs02427.png,rs02427.jpg
2480,rs07239.png,rs07239.jpg
2489,rs05406.png,rs05406.jpg
2499,rs07563.png,rs07563.jpg
2506,rs01674.png,rs01674.jpg
2556,rs01072.png,rs01072.jpg
2661,rs02974.png,rs02974.jpg
2666,rs04493.png,rs04493.jpg
2683,rs03303.png,rs03303.jpg
2715,rs02753.png,rs02753.jpg
2790,rs04120.png,rs04120.jpg
2801,rs03934.png,rs03934.jpg
2804,rs00583.png,rs00583.jpg
2822,rs07213.png,rs07213.jpg
2847,rs04726.png,rs04726.jpg
2858,rs02425.png,rs02425.jpg
2890,rs03277.png,rs03277.jpg
2941,rs06326.png,rs06326.jpg
2949,rs04243.png,rs04243.jpg
2959,rs01475.png,rs01475.jpg
2964,rs03276.png,rs03276.jpg
2974,rs06468.png,rs06468.jpg
3018,rs02356.png,rs02356.jpg
3020,rs04727.png,rs04727.jpg
3023,rs01887.png,rs01887.jpg
3036,rs05377.png,rs05377.jpg
3070,rs00421.png,rs00421.jpg
3127,rs06087.png,rs06087.jpg
3145,rs00623.png,rs00623.jpg
3169,rs02008.png,rs02008.jpg
3184,rs00186.png,rs00186.jpg
3189,rs04486.png,rs04486.jpg
3203,rs05968.png,rs05968.jpg
3276,rs01934.png,rs01934.jpg
3280,rs02597.png,rs02597.jpg
3346,rs01840.png,rs01840.jpg
3358,rs02385.png,rs02385.jpg
3376,rs00237.png,rs00237.jpg
3379,rs02420.png,rs02420.jpg
3393,rs07216.png,rs07216.jpg
3442,rs04521.png,rs04521.jpg
3482,rs07001.png,rs07001.jpg
3556,rs05414.png,rs05414.jpg
3591,rs00544.png,rs00544.jpg
3597,rs03918.png,rs03918.jpg
3635,rs03105.png,rs03105.jpg
3661,rs03887.png,rs03887.jpg
3674,rs03688.png,rs03688.jpg
3704,rs02019.png,rs02019.jpg
3718,rs00140.png,rs00140.jpg
3739,rs08291.png,rs08291.jpg
3745,rs07834.png,rs07834.jpg
3768,rs07822.png,rs07822.jpg
3781,rs00624.png,rs00624.jpg
3839,rs06902.png,rs06902.jpg
3844,rs04640.png,rs04640.jpg
3850,rs00340.png,rs00340.jpg
3901,rs04913.png,rs04913.jpg
3913,rs04052.png,rs04052.jpg
3916,rs03729.png,rs03729.jpg
3928,rs01670.png,rs01670.jpg
3933,rs02379.png,rs02379.jpg
3990,rs07995.png,rs07995.jpg
3996,rs08456.png,rs08456.jpg
3998,rs05172.png,rs05172.jpg
4015,rs01300.png,rs01300.jpg
4025,rs08443.png,rs08443.jpg
4033,rs03502.png,rs03502.jpg
4043,rs00745.png,rs00745.jpg
4045,rs04523.png,rs04523.jpg
4051,rs06452.png,rs06452.jpg
4065,rs00751.png,rs00751.jpg
4088,rs01103.png,rs01103.jpg
4118,rs07228.png,rs07228.jpg
4139,rs00584.png,rs00584.jpg
4140,rs02393.png,rs02393.jpg
4172,rs06724.png,rs06724.jpg
4188,rs03890.png,rs03890.jpg
4202,rs01088.png,rs01088.jpg
4203,rs00396.png,rs00396.jpg
4217,rs07162.png,rs07162.jpg
4236,rs00631.png,rs00631.jpg
4249,rs07638.png,rs07638.jpg
4271,rs02783.png,rs02783.jpg
4285,rs00199.png,rs00199.jpg
4297,rs05977.png,rs05977.jpg
4301,rs03335.png,rs03335.jpg
4302,rs05744.png,rs05744.jpg
4303,rs05022.png,rs05022.jpg
4330,rs07609.png,rs07609.jpg
4362,rs03862.png,rs03862.jpg
4363,rs01046.png,rs01046.jpg
4377,rs01720.png,rs01720.jpg
4406,rs05208.png,rs05208.jpg
4415,rs03080.png,rs03080.jpg
4422,rs03902.png,rs03902.jpg
4432,rs05432.png,rs05432.jpg
4433,rs01654.png,rs01654.jpg
4451,rs02407.png,rs02407.jpg
4478,rs02836.png,rs02836.jpg
4480,rs06488.png,rs06488.jpg
4536,rs04506.png,rs04506.jpg
4560,rs03532.png,rs03532.jpg
4562,rs07754.png,rs07754.jpg
4563,rs01325.png,rs01325.jpg
4577,rs00749.png,rs00749.jpg
4652,rs03903.png,rs03903.jpg
4667,rs00588.png,rs00588.jpg
4686,rs06072.png,rs06072.jpg
4689,rs05553.png,rs05553.jpg
4692,rs07344.png,rs07344.jpg
4696,rs05235.png,rs05235.jpg
4707,rs08063.png,rs08063.jpg
4739,rs08249.png,rs08249.jpg
4740,rs06264.png,rs06264.jpg
4761,rs08275.png,rs08275.jpg
4802,rs03487.png,rs03487.jpg
4805,rs07839.png,rs07839.jpg
4816,rs07811.png,rs07811.jpg
4825,rs01253.png,rs01253.jpg
4853,rs00171.png,rs00171.jpg
4869,rs07391.png,rs07391.jpg
4877,rs00398.png,rs00398.jpg
4881,rs01910.png,rs01910.jpg
4889,rs01051.png,rs01051.jpg
4911,rs04115.png,rs04115.jpg
4983,rs04707.png,rs04707.jpg
4990,rs00575.png,rs00575.jpg
5091,rs03525.png,rs03525.jpg
5109,rs07757.png,rs07757.jpg
5146,rs01118.png,rs01118.jpg
5182,rs03900.png,rs03900.jpg
5193,rs03928.png,rs03928.jpg
5195,rs06850.png,rs06850.jpg
5197,rs01681.png,rs01681.jpg
5215,rs04114.png,rs04114.jpg
5217,rs06703.png,rs06703.jpg
5276,rs04464.png,rs04464.jpg
5285,rs03479.png,rs03479.jpg
5293,rs03451.png,rs03451.jpg
5309,rs02983.png,rs02983.jpg
5317,rs08289.png,rs08289.jpg
5318,rs05975.png,rs05975.jpg
5347,rs00835.png,rs00835.jpg
5360,rs04312.png,rs04312.jpg
5365,rs04474.png,rs04474.jpg
5404,rs03864.png,rs03864.jpg
5420,rs06934.png,rs06934.jpg
5421,rs01083.png,rs01083.jpg
5424,rs04845.png,rs04845.jpg
5433,rs00376.png,rs00376.jpg
5444,rs02213.png,rs02213.jpg
5496,rs08138.png,rs08138.jpg
5507,rs06101.png,rs06101.jpg
5514,rs01646.png,rs01646.jpg
5521,rs02429.png,rs02429.jpg
5547,rs07948.png,rs07948.jpg
5556,rs07784.png,rs07784.jpg
5595,rs05636.png,rs05636.jpg
5638,rs08449.png,rs08449.jpg
5639,rs00015.png,rs00015.jpg
5661,rs02831.png,rs02831.jpg
5724,rs03939.png,rs03939.jpg
5755,rs05541.png,rs05541.jpg
5779,rs02206.png,rs02206.jpg
5815,rs07632.png,rs07632.jpg
5836,rs06276.png,rs06276.jpg
5844,rs00161.png,rs00161.jpg
5848,rs02762.png,rs02762.jpg
5870,rs08298.png,rs08298.jpg
5886,rs07181.png,rs07181.jpg
5893,rs00188.png,rs00188.jpg
5899,rs02012.png,rs02012.jpg
5900,rs06274.png,rs06274.jpg
5909,rs02760.png,rs02760.jpg
5991,rs03898.png,rs03898.jpg
5994,rs00349.png,rs00349.jpg
6016,rs04098.png,rs04098.jpg
6021,rs01686.png,rs01686.jpg
6030,rs00201.png,rs00201.jpg
6032,rs05379.png,rs05379.jpg
6049,rs07220.png,rs07220.jpg
6065,rs03052.png,rs03052.jpg
6106,rs00003.png,rs00003.jpg
6107,rs03522.png,rs03522.jpg
6138,rs08304.png,rs08304.jpg
6142,rs05146.png,rs05146.jpg
6200,rs05813.png,rs05813.jpg
6206,rs05422.png,rs05422.jpg
6258,rs07584.png,rs07584.jpg
6264,rs07427.png,rs07427.jpg
6285,rs05224.png,rs05224.jpg
6296,rs02205.png,rs02205.jpg
6317,rs07396.png,rs07396.jpg
6321,rs03696.png,rs03696.jpg
6325,rs01903.png,rs01903.jpg
6342,rs03457.png,rs03457.jpg
6348,rs08264.png,rs08264.jpg
6363,rs04310.png,rs04310.jpg
6372,rs02013.png,rs02013.jpg
6385,rs00823.png,rs00823.jpg
6443,rs00663.png,rs00663.jpg
6446,rs04411.png,rs04411.jpg
6479,rs01970.png,rs01970.jpg
6481,rs08001.png,rs08001.jpg
6492,rs06986.png,rs06986.jpg
6514,rs04161.png,rs04161.jpg
6527,rs07285.png,rs07285.jpg
6529,rs06825.png,rs06825.jpg
6536,rs07291.png,rs07291.jpg
6551,rs00529.png,rs00529.jpg
6565,rs03034.png,rs03034.jpg
6572,rs02302.png,rs02302.jpg
6589,rs04767.png,rs04767.jpg
6590,rs05479.png,rs05479.jpg
6621,rs05653.png,rs05653.jpg
6645,rs06400.png,rs06400.jpg
6672,rs06401.png,rs06401.jpg
6686,rs02129.png,rs02129.jpg
6694,rs01346.png,rs01346.jpg
6703,rs01352.png,rs01352.jpg
6705,rs07045.png,rs07045.jpg
6748,rs04772.png,rs04772.jpg
6768,rs07247.png,rs07247.jpg
6793,rs07284.png,rs07284.jpg
6795,rs05493.png,rs05493.jpg
6818,rs06777.png,rs06777.jpg
6830,rs07327.png,rs07327.jpg
6835,rs05524.png,rs05524.jpg
6870,rs02061.png,rs02061.jpg
6898,rs01226.png,rs01226.jpg
6921,rs05097.png,rs05097.jpg
6960,rs07127.png,rs07127.jpg
6982,rs08228.png,rs08228.jpg
6996,rs01797.png,rs01797.jpg
7023,rs05254.png,rs05254.jpg
7040,rs07319.png,rs07319.jpg
7097,rs01634.png,rs01634.jpg
7129,rs00927.png,rs00927.jpg
7144,rs01344.png,rs01344.jpg
7186,rs02665.png,rs02665.jpg
7187,rs06403.png,rs06403.jpg
7189,rs04573.png,rs04573.jpg
7203,rs01379.png,rs01379.jpg
7214,rs00729.png,rs00729.jpg
7225,rs01351.png,rs01351.jpg
7240,rs05862.png,rs05862.jpg
7244,rs01392.png,rs01392.jpg
7247,rs02857.png,rs02857.jpg
7251,rs07091.png,rs07091.jpg
7287,rs01621.png,rs01621.jpg
7307,rs06827.png,rs06827.jpg
7316,rs06833.png,rs06833.jpg
7319,rs02512.png,rs02512.jpg
7339,rs06990.png,rs06990.jpg
7349,rs02248.png,rs02248.jpg
7414,rs07898.png,rs07898.jpg
7439,rs02937.png,rs02937.jpg
7441,rs02923.png,rs02923.jpg
7445,rs03383.png,rs03383.jpg
7472,rs01209.png,rs01209.jpg
7473,rs06566.png,rs06566.jpg
7488,rs08211.png,rs08211.jpg
7526,rs05286.png,rs05286.jpg
7564,rs07334.png,rs07334.jpg
7575,rs08198.png,rs08198.jpg
7587,rs05494.png,rs05494.jpg
7598,rs06176.png,rs06176.jpg
7608,rs00275.png,rs00275.jpg
7610,rs02462.png,rs02462.jpg
7613,rs01143.png,rs01143.jpg
7620,rs08167.png,rs08167.jpg
7626,rs03026.png,rs03026.jpg
7675,rs04577.png,rs04577.jpg
7677,rs08365.png,rs08365.jpg
7686,rs03556.png,rs03556.jpg
7689,rs01341.png,rs01341.jpg
7693,rs07724.png,rs07724.jpg
7705,rs02885.png,rs02885.jpg
7742,rs06375.png,rs06375.jpg
7756,rs04589.png,rs04589.jpg
7759,rs07094.png,rs07094.jpg
7778,rs01156.png,rs01156.jpg
7787,rs07533.png,rs07533.jpg
7802,rs06611.png,rs06611.jpg
7822,rs02488.png,rs02488.jpg
7825,rs04947.png,rs04947.jpg
7832,rs08199.png,rs08199.jpg
7836,rs07335.png,rs07335.jpg
7859,rs01778.png,rs01778.jpg
7880,rs04827.png,rs04827.jpg
7883,rs05287.png,rs05287.jpg
7889,rs04833.png,rs04833.jpg
7896,rs04358.png,rs04358.jpg
7897,rs03437.png,rs03437.jpg
7910,rs03351.png,rs03351.jpg
7915,rs01552.png,rs01552.jpg
7925,rs02073.png,rs02073.jpg
7944,rs02932.png,rs02932.jpg
7974,rs07848.png,rs07848.jpg
7984,rs00666.png,rs00666.jpg
8033,rs07492.png,rs07492.jpg
8071,rs02529.png,rs02529.jpg
8089,rs06983.png,rs06983.jpg
8097,rs06808.png,rs06808.jpg
8119,rs02461.png,rs02461.jpg
8121,rs04776.png,rs04776.jpg
8134,rs00262.png,rs00262.jpg
8148,rs05440.png,rs05440.jpg
8156,rs05326.png,rs05326.jpg
8175,rs02688.png,rs02688.jpg
8176,rs02850.png,rs02850.jpg
8193,rs00060.png,rs00060.jpg
8217,rs03541.png,rs03541.jpg
8225,rs08366.png,rs08366.jpg
8241,rs01431.png,rs01431.jpg
8250,rs02886.png,rs02886.jpg
8260,rs00061.png,rs00061.jpg
8262,rs06376.png,rs06376.jpg
8271,rs00713.png,rs00713.jpg
8291,rs03583.png,rs03583.jpg
8305,rs05441.png,rs05441.jpg
8311,rs05327.png,rs05327.jpg
8338,rs07518.png,rs07518.jpg
8384,rs03150.png,rs03150.jpg
8385,rs05521.png,rs05521.jpg
8440,rs05737.png,rs05737.jpg
8445,rs08213.png,rs08213.jpg
8479,rs02925.png,rs02925.jpg
8489,rs07691.png,rs07691.jpg
8493,rs04398.png,rs04398.jpg
46,rs07893.png,rs07893.jpg
77,rs04183.png,rs04183.jpg
94,rs07475.png,rs07475.jpg
130,rs08008.png,rs08008.jpg
132,rs06025.png,rs06025.jpg
232,rs07065.png,rs07065.jpg
271,rs08418.png,rs08418.jpg
272,rs00044.png,rs00044.jpg
352,rs06150.png,rs06150.jpg
358,rs04753.png,rs04753.jpg
380,rs01617.png,rs01617.jpg
417,rs06024.png,rs06024.jpg
423,rs03148.png,rs03148.jpg
620,rs07489.png,rs07489.jpg
631,rs05513.png,rs05513.jpg
795,rs03228.png,rs03228.jpg
818,rs06437.png,rs06437.jpg
855,rs04591.png,rs04591.jpg
946,rs01984.png,rs01984.jpg
951,rs07339.png,rs07339.jpg
1020,rs02725.png,rs02725.jpg
1069,rs07842.png,rs07842.jpg
1186,rs08026.png,rs08026.jpg
1198,rs04783.png,rs04783.jpg
1200,rs04797.png,rs04797.jpg
1220,rs04740.png,rs04740.jpg
1414,rs08147.png,rs08147.jpg
1738,rs01808.png,rs01808.jpg
1934,rs00518.png,rs00518.jpg
1960,rs06633.png,rs06633.jpg
1977,rs06814.png,rs06814.jpg
2038,rs04622.png,rs04622.jpg
2069,rs01216.png,rs01216.jpg
2113,rs05919.png,rs05919.jpg
2121,rs00849.png,rs00849.jpg
2123,rs05931.png,rs05931.jpg
2395,rs04240.png,rs04240.jpg
2440,rs07761.png,rs07761.jpg
2483,rs02341.png,rs02341.jpg
2537,rs04136.png,rs04136.jpg
2619,rs02779.png,rs02779.jpg
2797,rs04915.png,rs04915.jpg
2805,rs01851.png,rs01851.jpg
2826,rs07207.png,rs07207.jpg
2927,rs06327.png,rs06327.jpg
2991,rs07789.png,rs07789.jpg
3079,rs07428.png,rs07428.jpg
3219,rs07835.png,rs07835.jpg
3321,rs05575.png,rs05575.jpg
3384,rs05429.png,rs05429.jpg
3423,rs07941.png,rs07941.jpg
3467,rs05617.png,rs05617.jpg
3484,rs04508.png,rs04508.jpg
3508,rs00752.png,rs00752.jpg
3553,rs07565.png,rs07565.jpg
3668,rs08093.png,rs08093.jpg
3711,rs05986.png,rs05986.jpg
3785,rs02033.png,rs02033.jpg
3801,rs01260.png,rs01260.jpg
3803,rs02769.png,rs02769.jpg
3812,rs08244.png,rs08244.jpg
3871,rs05204.png,rs05204.jpg
3946,rs05402.png,rs05402.jpg
4132,rs04906.png,rs04906.jpg
4152,rs00369.png,rs00369.jpg
4164,rs01705.png,rs01705.jpg
4238,rs05749.png,rs05749.jpg
4479,rs07796.png,rs07796.jpg
4574,rs06338.png,rs06338.jpg
4623,rs06106.png,rs06106.jpg
4671,rs00417.png,rs00417.jpg
4874,rs03849.png,rs03849.jpg
5024,rs07030.png,rs07030.jpg
5087,rs07743.png,rs07743.jpg
5131,rs00945.png,rs00945.jpg
5168,rs07541.png,rs07541.jpg
5170,rs01124.png,rs01124.jpg
5269,rs04302.png,rs04302.jpg
5335,rs02940.png,rs02940.jpg
5413,rs01929.png,rs01929.jpg
5483,rs05391.png,rs05391.jpg
5743,rs02548.png,rs02548.jpg
5750,rs00439.png,rs00439.jpg
5777,rs04677.png,rs04677.jpg
5884,rs07195.png,rs07195.jpg
5894,rs00163.png,rs00163.jpg
6017,rs05386.png,rs05386.jpg
6283,rs04884.png,rs04884.jpg
6428,rs01555.png,rs01555.jpg
6497,rs05531.png,rs05531.jpg
6498,rs03140.png,rs03140.jpg
6653,rs02114.png,rs02114.jpg
6663,rs00702.png,rs00702.jpg
6782,rs03960.png,rs03960.jpg
6868,rs06207.png,rs06207.jpg
6962,rs00648.png,rs00648.jpg
6999,rs04837.png,rs04837.jpg
7004,rs07494.png,rs07494.jpg
7091,rs03989.png,rs03989.jpg
7139,rs05877.png,rs05877.jpg
7222,rs03546.png,rs03546.jpg
7303,rs01806.png,rs01806.jpg
7323,rs06012.png,rs06012.jpg
7346,rs03156.png,rs03156.jpg
7356,rs08017.png,rs08017.jpg
7368,rs05282.png,rs05282.jpg
7451,rs03387.png,rs03387.jpg
7542,rs06770.png,rs06770.jpg
7551,rs06980.png,rs06980.jpg
7586,rs04952.png,rs04952.jpg
7634,rs00249.png,rs00249.jpg
7685,rs04239.png,rs04239.jpg
7731,rs00076.png,rs00076.jpg
7757,rs07080.png,rs07080.jpg
7798,rs04012.png,rs04012.jpg
8075,rs07451.png,rs07451.jpg
8080,rs06029.png,rs06029.jpg
8213,rs00048.png,rs00048.jpg
8220,rs03555.png,rs03555.jpg
8231,rs08401.png,rs08401.jpg
8430,rs06969.png,rs06969.jpg
8439,rs05051.png,rs05051.jpg
